run_id,config,seed,status,phase,metric_name,metric_value,wall_clock_s,commit,timestamp,notes
cloud_only_seed0_1790595488,cloud_only,0,completed,smoke,hit_rate,0.0,,fc54013d957fbb2b8565265ec39a0099e256edad,2026-09-28T11:38:08.156395+00:00,
cloud_only_seed0_1790595488,cloud_only,0,completed,smoke,cloud_calls,5,,fc54013d957fbb2b8565265ec39a0099e256edad,2026-09-28T11:38:08.156395+00:00,
cloud_only_seed0_1790595488,cloud_only,0,completed,smoke,mean_latency_ms,50.0,,fc54013d957fbb2b8565265ec39a0099e256edad,2026-09-28T11:38:08.156395+00:00,
cloud_only_seed0_1790595488,cloud_only,0,completed,smoke,task_success_rate,,,fc54013d957fbb2b8565265ec39a0099e256edad,2026-09-28T11:38:08.156395+00:00,
static_router_seed42_1790595822,static_router,42,completed,smoke,hit_rate,0.6,,997179b70a6a4bd56dc7c284914079301c7aa822,2026-09-28T11:43:42.373374+00:00,
static_router_seed42_1790595822,static_router,42,completed,smoke,cloud_calls,2,,997179b70a6a4bd56dc7c284914079301c7aa822,2026-09-28T11:43:42.373374+00:00,
static_router_seed42_1790595822,static_router,42,completed,smoke,mean_latency_ms,23.0,,997179b70a6a4bd56dc7c284914079301c7aa822,2026-09-28T11:43:42.373374+00:00,
static_router_seed42_1790595822,static_router,42,completed,smoke,task_success_rate,,,997179b70a6a4bd56dc7c284914079301c7aa822,2026-09-28T11:43:42.373374+00:00,
gcl_ablation_retrieval_no_train_seed1_1790596322,gcl_ablation_retrieval_no_train,1,completed,smoke,hit_rate,0.0,,d0aa2c45dada1e538dde880b26a309964b918b45,2026-09-28T11:52:02.100293+00:00,
gcl_ablation_retrieval_no_train_seed1_1790596322,gcl_ablation_retrieval_no_train,1,completed,smoke,cloud_calls,5,,d0aa2c45dada1e538dde880b26a309964b918b45,2026-09-28T11:52:02.100293+00:00,
gcl_ablation_retrieval_no_train_seed1_1790596322,gcl_ablation_retrieval_no_train,1,completed,smoke,mean_latency_ms,50.0,,d0aa2c45dada1e538dde880b26a309964b918b45,2026-09-28T11:52:02.100293+00:00,
gcl_ablation_retrieval_no_train_seed1_1790596322,gcl_ablation_retrieval_no_train,1,completed,smoke,task_success_rate,,,d0aa2c45dada1e538dde880b26a309964b918b45,2026-09-28T11:52:02.100293+00:00,
gcl_ablation_local_no_gate_seed1_1790596322,gcl_ablation_local_no_gate,1,completed,smoke,hit_rate,0.8,,d0aa2c45dada1e538dde880b26a309964b918b45,2026-09-28T11:52:02.367382+00:00,
gcl_ablation_local_no_gate_seed1_1790596322,gcl_ablation_local_no_gate,1,completed,smoke,cloud_calls,1,,d0aa2c45dada1e538dde880b26a309964b918b45,2026-09-28T11:52:02.367382+00:00,
gcl_ablation_local_no_gate_seed1_1790596322,gcl_ablation_local_no_gate,1,completed,smoke,mean_latency_ms,14.0,,d0aa2c45dada1e538dde880b26a309964b918b45,2026-09-28T11:52:02.367382+00:00,
gcl_ablation_local_no_gate_seed1_1790596322,gcl_ablation_local_no_gate,1,completed,smoke,task_success_rate,,,d0aa2c45dada1e538dde880b26a309964b918b45,2026-09-28T11:52:02.367382+00:00,
